{
    "none_10": [
        0.12518155614535012,
        0.10689383824666342,
        0.13156610568364463,
        0.1625176986058553,
        0.11649575551350906,
        0.10643601218859355,
        0.12941815694173178,
        0.11354509790738422,
        0.08765443801879882,
        0.1574578861395518,
        0.1438394435246786,
        0.16987568457921345,
        0.24186047554016113,
        0.11130530118942263,
        0.08959920088450116,
        2.3733665084838864,
        0.3622319380442301,
        0.4009623750050862,
        0.07764152745405833,
        0.6600520197550456,
        0.37493904511133835,
        2.370621871948242,
        0.11961847583452861,
        1.4744792906443278,
        0.11713486075401308,
        0.1844927024841308,
        0.4762338956197103,
        1.1583671728769935,
        0.8607887935638426,
        0.37709415674209595,
        0.06912538826465607,
        0.08677941540877024,
        0.06332778990268707,
        0.04912248373031618,
        0.05791526675224303,
        0.08958269119262695,
        0.01059343472123146,
        0.13301439801851908,
        0.10330339233080546,
        0.07160111129283905,
        0.06202080647150675,
        0.10858539223670961,
        0.09136007010936734,
        0.06693543513615927,
        0.0904487991333008,
        0.10073956867059074,
        0.0941712615887324,
        0.09872713963190714,
        0.1099098002910614,
        0.11169991850852969,
        0.12447322050730386,
        0.09839954773585,
        0.11879368702570595,
        0.09923325300216675,
        0.12242671092351276,
        0.06283475677172343,
        0.11414331416289013,
        0.09642955621083577,
        0.09200059235095978,
        0.1009918240706126,
        1.4860552151997886,
        0.3948004317283631,
        1.4972997824350989,
        0.902611837387085,
        1.4374098046620687,
        1.4406880633036296,
        0.4305074532826742,
        1.0132156149546303,
        0.20525335947672527,
        1.211114959716797,
        0.3456138841311137,
        0.5387955681482951,
        0.5936462179819744,
        0.3110394740104675,
        0.20005438009897872
    ],
    "each_layer_10": [
        0.16774434526761375,
        0.1412512834866842,
        0.18611651857693992,
        0.22206974903742474,
        0.15955868283907573,
        0.1433000377813975,
        0.18315311511357624,
        0.15290704727172852,
        0.10880067348480224,
        0.2198491589228312,
        0.2043725689252218,
        0.2235053523381551,
        0.33606220165888473,
        0.1532698651154836,
        0.11167101581891378,
        1.6456185785929365,
        0.34401328563690187,
        0.3838215525945028,
        0.023117759178082148,
        0.5850181531906129,
        0.3545658334096272,
        1.5649004173278809,
        0.07440540909767149,
        1.0859604994455974,
        0.07707122822602588,
        0.15996512254079182,
        0.4456888723373414,
        0.8745777241388957,
        0.6931752681732177,
        0.362901562054952,
        0.21494393746058146,
        0.28810502608617145,
        0.1755376187960307,
        0.10817450503508247,
        0.15804235021273294,
        0.2888001902898153,
        0.019995545446872712,
        0.42083500385284434,
        0.34243147214253755,
        0.2171741465727488,
        0.16685085852940876,
        0.34875735680262243,
        0.280764110883077,
        0.19664457122484844,
        0.2880765628814697,
        0.1301532276471456,
        0.12548003474871317,
        0.12638575673103328,
        0.13513935089111329,
        0.14102482597033184,
        0.15429373621940612,
        0.1331697781880697,
        0.14497360746065777,
        0.12691855430603027,
        0.14592517217000325,
        0.07092804511388143,
        0.13898575703303018,
        0.12911197543144226,
        0.12296616752942403,
        0.13233067671457927,
        0.28393311897913615,
        0.15154722054799397,
        0.29365751028060916,
        0.19250431338946025,
        0.2815577642122904,
        0.2876392690340678,
        0.1552850115299225,
        0.20690476735432942,
        0.11745186805725094,
        0.2338147846857706,
        0.1431205936272939,
        0.15656618475914003,
        0.16723934610684715,
        0.14151444713274638,
        0.11558021505673727
    ],
    "add_10": [
        0.12734261433283492,
        0.10732702970504761,
        0.14417306820551556,
        0.16363979419072472,
        0.12172234733899435,
        0.10917100846767426,
        0.14005533854166666,
        0.11758173942565919,
        0.08435803492863973,
        0.16390296618143715,
        0.15144819299379983,
        0.1744692281881968,
        0.24590103546778358,
        0.11917727629343666,
        0.08551495552062986,
        0.2607533899943034,
        0.12185518562793733,
        0.11986078898111979,
        0.009601634765664736,
        0.13712450146675112,
        0.11758392413457233,
        0.24559365828831986,
        0.04546852479378383,
        0.18170122901598615,
        0.0466538714369138,
        0.08124890526135763,
        0.12632805903752645,
        0.17572904825210567,
        0.14076365351676942,
        0.11522828022638958,
        0.11400174856185911,
        0.11928335626920065,
        0.1070768737792969,
        0.07922317485014597,
        0.09682705700397493,
        0.12059820612271625,
        0.01435686215758324,
        0.1739930677413941,
        0.13367474118868514,
        0.12212199489275614,
        0.10340373555819193,
        0.14107213775316876,
        0.11725842475891116,
        0.11250823338826497,
        0.11777488827705379,
        0.10933361212412518,
        0.09477133949597677,
        0.10273714184761046,
        0.1158999435106913,
        0.12061011672019957,
        0.1301997971534729,
        0.10468993663787846,
        0.12694688677787783,
        0.09944698035717009,
        0.1263455537954966,
        0.053607096076011655,
        0.12136294245719911,
        0.10075636406739553,
        0.09331092317899067,
        0.1078039781252543,
        0.21118415753046674,
        0.109228027065595,
        0.2135300048192342,
        0.15149694244066875,
        0.20613091389338176,
        0.21205223321914668,
        0.11355572541554772,
        0.1636279022693634,
        0.08756555914878844,
        0.17776322563489277,
        0.10518474102020264,
        0.11891889969507853,
        0.12421304782231647,
        0.10294363776842752,
        0.08595565279324849
    ],