{
    "default_10_64": [
        0.16435229778289795,
        0.14706534345944722,
        0.198468146721522,
        0.21990513006846107,
        0.09665195842583976,
        0.21542202035586042,
        0.1428604503472646,
        0.17156327267487842,
        0.1826134463151296,
        0.017557045444846153,
        0.199231681227684,
        0.29224278330802916,
        0.18504124581813813,
        0.16096591750780742,
        0.1746901383002599,
        0.14042305847009023,
        0.228961447874705,
        0.27483801643053696,
        0.18391439417997996,
        0.13113873302936557,
        0.04631769706805547,
        0.1349791963895162,
        0.29257418314615885,
        0.18738372921943663,
        0.176488130291303,
        0.23784932494163508,
        0.25053659280141194,
        0.10749563773473106,
        0.182875120639801,
        0.30208746989568075
    ],
    "default_10_48": [
        0.15416799783706664,
        0.1347169518470764,
        0.20729362765947976,
        0.2358291486899058,
        0.08937021046876906,
        0.22538189490636187,
        0.13127860228220622,
        0.1659409294525782,
        0.18891871770222982,
        0.014830823242664335,
        0.22150295376777648,
        0.3255843222141266,
        0.19990391135215757,
        0.17722215950489045,
        0.19286610086758932,
        0.14223663012186685,
        0.2554164667924245,
        0.318354852994283,
        0.20028935074806214,
        0.13386250237623848,
        0.009557110319534937,
        0.09291362017393111,
        0.2731258630752564,
        0.1408589611450831,
        0.1283918042977651,
        0.19783113996187845,
        0.22687989870707198,
        0.06616408179203669,
        0.15209998587767282,
        0.2740373055140178
    ],
    "default_10_32": [
        0.19214933713277182,
        0.15463274518648779,
        0.2926604986190796,
        0.3377978682518005,
        0.09290015250444413,
        0.3131085793177287,
        0.15146617889404296,
        0.19553045630455018,
        0.2391108095645904,
        0.010938484221696854,
        0.31549331943194076,
        0.4848825256029765,
        0.2543420990308126,
        0.2261902948220571,
        0.24394927819569903,
        0.15398078163464865,
        0.3576534211635589,
        0.47182608048121144,
        0.2747705618540446,
        0.1353583812713623,
        0.017530056710044543,
        0.08909773329893747,
        0.4276469488938649,
        0.138413201769193,
        0.12848063409328464,
        0.23152600328127543,
        0.3410067896048227,
        0.0681243414680163,
        0.16690627336502079,
        0.4195403436819712
    ],
    "default_10_24": [
        0.2565372188886007,
        0.2060746302207311,
        0.4029561320940654,
        0.47715009053548174,
        0.14268601536750794,
        0.43261678814888,
        0.1999488602081934,
        0.2697092016537984,
        0.34271023074785867,
        0.06406225760777791,
        0.4659486611684164,
        0.7920533180236817,
        0.38379470904668167,
        0.33605022430419923,
        0.36764275630315135,
        0.22207449873288473,
        0.5675907691319784,
        0.7517527341842651,
        0.40727005998293564,
        0.1942363222440084,
        0.013710353771845499,
        0.09952427347501118,
        0.6908611257870991,
        0.1697409093379974,
        0.1568919360637665,
        0.32682501475016285,
        0.5783181468645731,
        0.06674643009901046,
        0.20895953575770063,
        0.6488270084063212
    ],
    "random_10_64": [
        0.16435229778289795,
        0.14706534345944722,
        0.198468146721522,
        0.21990513006846107,
        0.09665195842583976,
        0.21542202035586042,
        0.1428604503472646,
        0.17156327267487842,
        0.1826134463151296,
        0.017557045444846153,
        0.199231681227684,
        0.29224278330802916,
        0.18504124581813813,
        0.16096591750780742,
        0.1746901383002599,
        0.14042305847009023,
        0.228961447874705,
        0.27483801643053696,
        0.18391439417997996,
        0.13113873302936557,
        0.04631769706805547,
        0.1349791963895162,
        0.29257418314615885,
        0.18738372921943663,
        0.176488130291303,
        0.23784932494163508,
        0.25053659280141194,
        0.10749563773473106,
        0.182875120639801,
        0.30208746989568075
    ],
    "random_10_48": [
        0.3266602555910746,
        0.0020544426050037147,
        0.22093793749809265,
        0.10223253866036733,
        0.5482865730921428,
        0.706222375233968,
        0.050873071948687246,
        0.5868011037508647,
        0.35895301699638366,
        0.8875671267509462,
        2.8416279633839925,
        0.23722232282161712,
        2.453920714060466,
        1.0560516277949017,
        1.8659135818481445,
        1.6016617854436237,
        2.3346375942230226,
        0.9500207185745237,
        1.744595686594645,
        1.5608468373616537,
        0.37651511828104656,
        0.6227144241333008,
        0.3961383144060771,
        0.23514317870140072,
        0.28117044568061833,
        0.23187064627806345,
        0.3495669424533844,
        0.03757544532418251,
        0.5590770800908407,
        0.5165596763292949
    ],
    "random_10_32": [
        0.34416960676511127,
        0.030063396443923314,
        0.24298078219095864,
        0.13342493871847788,
        0.545261836051941,
        0.6820074518521626,
        0.07953372051318487,
        0.5845580856005351,
        0.36775952974955245,
        0.8957278728485107,
        2.0086490790049236,
        0.15223728617032367,
        1.9130640824635823,
        0.8290208141009012,
        1.3577282110850013,
        1.1208760738372805,
        1.5882683118184409,
        0.7147465825080872,
        1.2641159137090046,
        1.1495404561360678,
        0.5087787171204885,
        0.9551636536916097,
        0.5210817376772563,
        0.2678506930669149,
        0.3597241461277008,
        0.2768246591091156,
        0.486833381652832,
        0.027873568485180533,
        0.8427829106648762,
        0.741919994354248
    ],
    "random_10_24": [
        0.35141324202219654,
        0.023898415515820188,
        0.24349327286084493,
        0.12680556178092955,
        0.5634590268135071,
        0.6775439302126567,
        0.07465206583340962,
        0.5975895484288534,
        0.3700658718744913,
        0.8582250157992044,
        2.213995170593262,
        0.1331630329291026,
        1.9881103197733558,
        0.8522463639577229,
        1.4337779601415,
        1.2077418247858684,
        1.6739361206690468,
        0.7398326675097148,
        1.3589456876118977,
        1.2100100676218668,
        0.5323578476905821,
        0.9815913995107015,
        0.5354926904042562,
        0.2734965960184733,
        0.3672895669937134,
        0.2838664988676707,
        0.5079146504402161,
        0.025481823459267618,
        0.8585215965906778,
        0.7454779227574666
    ]
}