{
    "medium_15": [
        0.010686844307929277,
        0.006360587337985635,
        0.016429266054183246,
        0.010595960821956397,
        0.025659073889255524,
        0.006668374966830015,
        0.0474599901586771,
        0.12293287739157677,
        0.004298766725696623,
        0.01461441982537508,
        0.005719782644882798,
        0.10941862165927888,
        0.008353439019992947,
        0.005671542091295123,
        0.0058623695280402895,
        0.013676103949546815,
        0.011717485077679158,
        0.06724304333329201,
        0.011350082606077195,
        0.014370932057499886,
        0.02580518927425146,
        0.0983182206749916,
        0.012268538866192103,
        0.008972125686705112,
        0.0714671928435564,
        0.029823974147439,
        0.001770605519413948,
        0.004413599660620093,
        0.06853394024074078,
        0.005448322929441929
    ],
    "medium_10": [
        0.008955268003046513,
        0.005602781008929014,
        0.014476655144244432,
        0.00788033353164792,
        0.020684691332280635,
        0.005048068147152663,
        0.04286054782569408,
        0.12959426417946815,
        0.003898803028278053,
        0.011898714117705822,
        0.006165790045633912,
        0.08791417106986046,
        0.009047616086900235,
        0.005546111520379782,
        0.005611937399953604,
        0.017630647122859954,
        0.012096520978957415,
        0.054197899997234344,
        0.011446940805763006,
        0.021280541829764844,
        0.04749514497816563,
        0.15129870921373367,
        0.027846787869930268,
        0.011872642673552036,
        0.12004373222589493,
        0.05874675512313843,
        0.008825955260545016,
        0.010475729871541262,
        0.11167653053998947,
        0.009350426308810712
    ],
    "medium_5": [
        0.0027667762245982886,
        0.005699779186397791,
        0.009767417144030333,
        0.01137018734589219,
        0.027986143343150617,
        0.0069017163943499325,
        0.06261803582310677,
        0.20957132577896118,
        0.00506274369545281,
        0.016349784564226866,
        0.006499240128323436,
        0.12789156436920165,
        0.00956577155739069,
        0.005426371982321143,
        0.004915889305993915,
        0.013777380622923375,
        0.010718916170299053,
        0.07949851080775261,
        0.013126650173217059,
        0.011669161636382342,
        0.04122328460216522,
        0.18371988981962203,
        0.01864393837749958,
        0.007792082941159606,
        0.12098565697669983,
        0.0542582169175148,
        0.0009017743112053722,
        0.007655701041221619,
        0.12235400304198266,
        0.008893180498853325
    ],
    "medium_1": [
        0.034667087346315385,
        0.09650990217924119,
        0.053572545573115346,
        0.33826291263103486,
        0.6768176794052124,
        0.21500385850667952,
        0.9101042926311493,
        1.692289686203003,
        0.13717749938368798,
        0.4368930488824844,
        0.3343796879053116,
        1.9476496219635009,
        0.5043244153261185,
        0.18855682462453843,
        0.16711210757493972,
        0.041418036445975304,
        0.05620246827602386,
        1.5019176781177521,
        0.5833889603614807,
        0.015943275392055513,
        1.159647035598755,
        2.140723407268524,
        0.7002242863178253,
        0.010150757618248463,
        1.865470790863037,
        1.122699373960495,
        0.002061228873208165,
        0.29549390375614165,
        1.674828290939331,
        0.18779922127723694
    ],
    "small_15": [
        0.0062415908556431535,
        0.05519455410540104,
        0.052366162464022634,
        0.07230864688754082,
        0.1531164325773716,
        0.05346790850162506,
        0.2710453078150749,
        0.6325267553329468,
        0.04728319905698299,
        0.09845695570111275,
        0.049713519588112834,
        0.5948179125785827,
        0.07379111386835575,
        0.04197683408856392,
        0.03905205614864826,
        0.0666344329714775,
        0.059631600975990295,
        0.4301630109548569,
        0.08974387422204018,
        0.06426044292747975,
        0.21268286406993867,
        0.5949409544467926,
        0.11821745410561561,
        0.014801311772316694,
        0.44741289913654325,
        0.24605223685503005,
        0.007306983554735779,
        0.04375326707959175,
        0.42062532901763916,
        0.035306576453149316
    ],
    "small_10": [
        0.028070872835814952,
        0.05355009250342846,
        0.05834327414631844,
        0.09208345711231232,
        0.20105129480361938,
        0.062404132634401324,
        0.3482954025268555,
        0.720118397474289,
        0.04878901243209839,
        0.12641580551862716,
        0.06058071553707123,
        0.5440304607152939,
        0.09020401537418365,
        0.049326994270086286,
        0.046121736988425255,
        0.08632392585277557,
        0.08270129188895226,
        0.3874086707830429,
        0.10843271315097809,
        0.050844408199191095,
        0.27350198179483415,
        0.7693386197090148,
        0.15167874544858934,
        0.08816326260566712,
        0.5926836013793946,
        0.3238992691040039,
        0.08729090467095375,
        0.05386364348232746,
        0.5524713188409806,
        0.041256918013095854
    ],
    "small_5": [
        0.014022485259920359,
        0.060425519943237305,
        0.04349722974002361,
        0.16601298302412032,
        0.3343092381954193,
        0.11242766529321671,
        0.5241678386926651,
        1.0153188824653625,
        0.07747232839465142,
        0.22378088533878326,
        0.09685738384723663,
        0.7810751616954803,
        0.14582520723342896,
        0.06802238523960114,
        0.057867104560136794,
        0.03636443559080362,
        0.04291624091565609,
        0.575732845067978,
        0.17894963622093202,
        0.01744513539597392,
        0.3899963408708572,
        0.9159411370754242,
        0.23361129313707352,
        0.012141004018485547,
        0.7307120740413666,
        0.4274132937192917,
        0.004093877598643303,
        0.09441392198204994,
        0.6789662003517151,
        0.0770515337586403
    ],
    "small_1": [
        0.0006214699242264032,
        0.10907875671982765,
        0.047797993570566175,
        0.5103417664766312,
        1.084428209066391,
        0.33231579065322875,
        1.4235496282577516,
        2.2120200753211976,
        0.19409902393817902,
        0.6987899124622345,
        0.3137437790632248,
        1.893532359600067,
        0.4975469082593918,
        0.19319981038570405,
        0.16191715598106385,
        0.036641447618603704,
        0.05075543187558651,
        1.6173530101776123,
        0.580954572558403,
        0.014254424441605806,
        1.328489863872528,
        2.469806945323944,
        0.7877876043319703,
        0.007686027605086565,
        2.112444221973419,
        1.3929727435112,
        0.0007703114999458194,
        0.31618497967720033,
        1.9380610585212708,
        0.20268854200839997
    ],