{
    "L1_1": [
        0.000625859951833263,
        0.1734296128153801,
        0.06738542206585407,
        1.1120513260364533,
        1.8044881463050841,
        0.6299509704113007,
        2.462677574157715,
        3.5166831254959106,
        0.35492773056030275,
        1.3742312788963318,
        0.7112418651580811,
        3.385446619987488,
        1.1103257179260253,
        0.3758456766605377,
        0.2985361576080322,
        0.0526166170835495,
        0.07410153783857823,
        2.8701388597488404,
        1.1941293060779572,
        0.016442690324038268,
        2.3025068283081054,
        3.6002434492111206,
        1.6684966444969178,
        0.008529222663491964,
        3.440810942649841,
        2.473551344871521,
        0.00017776198219507933,
        0.6674150884151459,
        3.2339484453201295,
        0.39325833022594453
    ],
    "L1_2": [
        0.000615791545715183,
        0.17045887261629106,
        0.06648784689605236,
        1.1124245882034303,
        1.8048622488975525,
        0.6289256483316421,
        2.4627618193626404,
        3.5167538642883303,
        0.3524081766605377,
        1.374560785293579,
        0.7111801385879517,
        3.3863654375076293,
        1.1102152228355409,
        0.3759637147188187,
        0.29850395321846007,
        0.0526290412992239,
        0.07409653179347515,
        2.8698089838027956,
        1.1945561707019805,
        0.016444596648216247,
        2.3026506543159484,
        3.5993605852127075,
        1.6685599565505982,
        0.008545260783284903,
        3.4417131423950194,
        2.4742308139801024,
        0.00019562243833206593,
        0.6675296545028686,
        3.2325291633605957,
        0.3931185960769653
    ],
    "L1_4": [
        0.004449655418284237,
        0.15860086530447007,
        0.06848302707076073,
        0.858700829744339,
        1.4671621322631836,
        0.4962425798177719,
        2.0197006940841673,
        2.986588144302368,
        0.3008233606815338,
        1.0752532958984375,
        0.5904408633708954,
        2.971602034568787,
        0.9065939486026764,
        0.31688942313194274,
        0.26176625639200213,
        0.05456486083567143,
        0.07381991222500801,
        2.4954774379730225,
        0.977878075838089,
        0.017548432759940624,
        2.302847218513489,
        3.5999115228652956,
        1.6684937000274658,
        0.008558618323877453,
        3.443455386161804,
        2.4762786388397218,
        0.0002106328873196617,
        0.6677587687969208,
        3.230250358581543,
        0.392953896522522
    ],
    "L1_8": [
        0.0013495797989889978,
        0.14911735951900482,
        0.06628250665962696,
        0.6841803073883057,
        1.1875576734542848,
        0.4127176433801651,
        1.6277973413467408,
        2.6644055128097532,
        0.25155018270015717,
        0.8869724333286285,
        0.38755340278148653,
        2.2295512318611146,
        0.5906398445367813,
        0.25099470019340514,
        0.2097437486052513,
        0.06380690410733222,
        0.0839118592441082,
        1.8027228474617005,
        0.6836691498756409,
        0.03258142042905092,
        1.0801586091518403,
        1.9649370789527894,
        0.746321153640747,
        0.01672185314819217,
        1.7848755717277527,
        1.2128413796424866,
        0.009438486490398645,
        0.2856270745396614,
        1.7462548732757568,
        0.1927509680390358
    ],
    "L2_1": [
        0.017122582532465458,
        0.11159381046891212,
        0.05576719641685486,
        0.4439884215593338,
        0.851644778251648,
        0.30293523222208024,
        1.2084632992744446,
        2.0011060357093813,
        0.17653791829943657,
        0.594589912891388,
        0.29742875397205354,
        2.185614812374115,
        0.4664549082517624,
        0.18979349732398987,
        0.1618674799799919,
        0.04090625885874033,
        0.054952385276556014,
        1.800080406665802,
        0.5763993412256241,
        0.01887269811704755,
        1.1925312638282777,
        2.010981559753418,
        0.7332795083522796,
        0.0106001659296453,
        1.8335840344429015,
        1.1530543625354768,
        0.005469651194289327,
        0.3140552878379822,
        1.6162784576416016,
        0.20028659105300903
    ],
    "L2_2": [
        0.024763569049537183,
        0.08652064874768257,
        0.051083806157112124,
        0.2913191616535187,
        0.6072135597467423,
        0.18585921823978424,
        0.9013837039470672,
        1.516669762134552,
        0.12024281844496727,
        0.4004164606332779,
        0.1937622085213661,
        1.3657246351242065,
        0.29497321844100954,
        0.12589377388358117,
        0.10806065127253532,
        0.04123154543340206,
        0.05242697559297085,
        1.0398811459541322,
        0.3745454251766205,
        0.022746144235134123,
        0.7430839240550995,
        1.4824875116348266,
        0.4365893542766571,
        0.05015105418860912,
        1.276690798997879,
        0.7650983989238739,
        0.04881078749895096,
        0.19621401727199556,
        1.175693279504776,
        0.14251421988010407
    ],
    "L2_4": [
        0.005436687404289842,
        0.05514214672148228,
        0.03634489495307207,
        0.17176782041788102,
        0.3586282044649124,
        0.11503015384078026,
        0.564564123749733,
        1.0445326089859008,
        0.07627073898911477,
        0.2310401603579521,
        0.10519258454442024,
        0.8855902075767517,
        0.16156250536441802,
        0.07389705926179886,
        0.06498160101473331,
        0.07169053480029106,
        0.06608213596045971,
        0.6674989998340607,
        0.197253055870533,
        0.06847412399947643,
        0.4207540929317474,
        0.9564512550830842,
        0.26374742537736895,
        0.03067222274839878,
        0.8364432036876679,
        0.45627620816230774,
        0.024030527845025063,
        0.10741509422659874,
        0.7251849591732025,
        0.08175802007317542
    ],
    "L4_1": [
        0.07104710564017296,
        0.03187835831195116,
        0.03597069550305605,
        0.05403988659381866,
        0.10670150592923164,
        0.033042099326848984,
        0.20180651247501374,
        0.4505066484212875,
        0.030021450854837893,
        0.06754385232925415,
        0.022490884363651275,
        0.3631067633628845,
        0.03409069962799549,
        0.019458774011582136,
        0.019751822762191295,
        0.023248983174562456,
        0.024359524250030518,
        0.2435169368982315,
        0.044697143882513043,
        0.012857914622873067,
        0.17594837248325348,
        0.45166788101196287,
        0.08090138658881188,
        0.026087931357324123,
        0.39753326773643494,
        0.20527051240205765,
        0.029108585231006144,
        0.026529649458825588,
        0.3493424504995346,
        0.028352981992065908
    ],
    "L4_2": [
        0.00555233764462173,
        0.023026566952466965,
        0.03050591703504324,
        0.03273666799068451,
        0.07516864128410816,
        0.02297897506505251,
        0.14470910429954528,
        0.4013057202100754,
        0.020106702856719495,
        0.04536707960069179,
        0.011876081489026547,
        0.23791041523218154,
        0.018358979560434818,
        0.011533951479941606,
        0.011308293789625168,
        0.01910013984888792,
        0.01825164621695876,
        0.15892392322421073,
        0.02319056950509548,
        0.012652411498129368,
        0.12059973180294037,
        0.36337641775608065,
        0.0553183801472187,
        0.009479492902755737,
        0.28388246297836306,
        0.1429199457168579,
        0.0004302489192923531,
        0.017487644217908382,
        0.27660643607378005,
        0.016866209357976912
    ],