{
    "none_1": [
        0.0007617591239977628,
        0.16063800901174546,
        0.06604306474328041,
        1.0238654613494873,
        1.6386443734169007,
        0.6003895491361618,
        2.2944544196128844,
        3.3825491666793823,
        0.3290462464094162,
        1.2762592792510987,
        0.6742267310619354,
        3.141448736190796,
        0.9908895373344422,
        0.35089159607887266,
        0.2803729087114334,
        0.07493693009018898,
        0.09332494884729385,
        2.6483384370803833,
        1.0674304366111755,
        0.022384471818804742,
        2.101412773132324,
        3.437103033065796,
        1.5022632718086242,
        0.03170825019478798,
        3.2148009061813356,
        2.2701428174972533,
        0.03521009273827076,
        0.6284147381782532,
        3.0248604297637938,
        0.36026417911052705
    ],
    "none_5": [
        0.015313539281487465,
        0.16762558221817017,
        0.06613628529012203,
        1.0227354764938354,
        1.6741648197174073,
        0.6005726456642151,
        2.2859718799591064,
        3.3874714851379393,
        0.3365749180316925,
        1.2562395572662353,
        0.6721282243728638,
        3.0953964471817015,
        0.9927003383636475,
        0.36843656599521635,
        0.29628839790821077,
        0.062445228546857835,
        0.08284396082162857,
        2.638846230506897,
        1.045394879579544,
        0.023048234358429908,
        2.085489797592163,
        3.4305413961410522,
        1.4916748642921447,
        0.012895602080971003,
        3.2353943586349487,
        2.269135582447052,
        0.007379666157066822,
        0.6323355972766876,
        3.025619649887085,
        0.3620809465646744
    ],
    "cm_1": [
        0.017190277203917505,
        0.11160079836845398,
        0.05579117834568024,
        0.4440021812915802,
        0.8516131699085235,
        0.3029373541474342,
        1.2083720028400422,
        2.001062500476837,
        0.17653682380914687,
        0.5945823878049851,
        0.29742222726345063,
        2.1856651663780213,
        0.4664479285478592,
        0.1897926539182663,
        0.1618697389960289,
        0.040907195582985875,
        0.054953718185424806,
        1.8000605940818786,
        0.576387345790863,
        0.01887658527120948,
        1.192528533935547,
        2.0109751224517822,
        0.7332816600799561,
        0.010601397790014743,
        1.8335737943649293,
        1.1530491173267365,
        0.005471225967630744,
        0.31405610889196395,
        1.6162704348564148,
        0.20028650611639023
    ],
    "cm_5": [
        0.009684536512941122,
        0.056640011444687846,
        0.04672318138182163,
        0.13182848542928696,
        0.2648283511400223,
        0.08568933457136155,
        0.425108990073204,
        0.8194596648216248,
        0.06013726033270359,
        0.1740941658616066,
        0.09674280658364295,
        0.88812375664711,
        0.1483956128358841,
        0.06462712958455086,
        0.05734997242689133,
        0.03597095739096403,
        0.040866436809301375,
        0.6369706630706787,
        0.1849879279732704,
        0.01760809710249305,
        0.35481446981430054,
        0.840222829580307,
        0.2189135581254959,
        0.03384878933429718,
        0.7352194130420685,
        0.3938363164663315,
        0.02706151120364666,
        0.08595471531152725,
        0.6350482106208801,
        0.06330927796661853
    ],
    "spe_1": [
        0.0018860436277464033,
        0.17094437181949615,
        0.06763468235731125,
        1.111732679605484,
        1.8066307306289673,
        0.6328170597553253,
        2.4549721479415894,
        3.5627241134643555,
        0.3538883000612259,
        1.3746562123298645,
        0.7112255215644836,
        3.383642053604126,
        1.1084395945072174,
        0.3763822793960571,
        0.29914509654045107,
        0.05364829339087009,
        0.07544315755367278,
        2.8825568199157714,
        1.2047196269035338,
        0.018173574190586805,
        2.3026206493377686,
        3.620690941810608,
        1.665112316608429,
        0.009471443435177206,
        3.440723490715027,
        2.48238742351532,
        0.0011789187439717353,
        0.6680076599121094,
        3.228786253929138,
        0.39200599789619445
    ],
    "spe_5": [
        0.00436445907689631,
        0.13550007566809655,
        0.06340591870248317,
        0.49922730326652526,
        0.8982434093952179,
        0.30809761881828307,
        1.2897295355796814,
        1.9656471848487853,
        0.21802060455083846,
        0.633861294388771,
        0.6267598927021026,
        2.9991666793823244,
        0.9695888340473175,
        0.359895721077919,
        0.28429814875125886,
        0.06212136559188366,
        0.08267058953642845,
        2.4922563314437864,
        1.0271806418895721,
        0.02588603738695383,
        1.1249420404434205,
        1.8707419395446778,
        0.7776455700397491,
        0.012205517664551736,
        1.7797494888305665,
        1.1704254746437073,
        0.0039595110109075906,
        0.3038013458251953,
        1.66816645860672,
        0.22707665711641312
    ],
    "lpe_1": [
        0.0037301452597603203,
        0.17253974378108977,
        0.06924583725631236,
        1.114266437292099,
        1.8113741040229798,
        0.6369258403778076,
        2.4638984203338623,
        3.5283556938171388,
        0.3553234487771988,
        1.3784943222999573,
        0.7157491862773895,
        3.3835867404937745,
        1.1148081123828888,
        0.381743973493576,
        0.30240819305181504,
        0.05612058714032173,
        0.07708469107747078,
        2.8640945672988893,
        1.1883767604827882,
        0.018859155289828778,
        2.3004012942314147,
        3.6135969161987305,
        1.6654425382614135,
        0.010427009407430887,
        3.4455575466156008,
        2.4779558181762695,
        0.0021839429391548038,
        0.6691214919090271,
        3.23156533241272,
        0.39231365323066714
    ],
    "lpe_5": [
        0.008139927312731743,
        0.17712861448526382,
        0.07379467487335205,
        1.116745412349701,
        1.8195025324821472,
        0.644640302658081,
        2.463956832885742,
        3.5210179567337034,
        0.36095057129859925,
        1.3865916848182678,
        0.3866010129451752,
        1.854889166355133,
        0.5101991713047027,
        0.2641815334558487,
        0.2222676932811737,
        0.053140643239021304,
        0.07406594157218933,
        1.5174477458000184,
        0.6041385650634765,
        0.020233798213303088,
        2.292117178440094,
        3.6413734674453737,
        1.6776529908180238,
        0.010788266733288764,
        3.4288426637649536,
        2.4683329105377196,
        0.0023235253524035216,
        0.6698487818241119,
        3.2245449304580687,
        0.4004498362541199
    ],
    "spe_cm_1": [
        0.0007145651848986745,
        0.06382394805550576,
        0.043835879862308504,
        0.11801705732941628,
        0.23154256790876387,
        0.08777134269475936,
        0.4019541501998901,
        0.874475747346878,
        0.06192297488451004,
        0.15881040692329407,
        0.07381693199276924,
        0.5278785347938537,
        0.1110905148088932,
        0.0564978577196598,
        0.050354141369462015,
        0.03082079831510782,
        0.03604383990168571,
        0.442728728055954,
        0.12386105209589005,
        0.016004267521202563,
        1.8563259601593018,
        3.1960254669189454,
        1.3764561414718628,
        0.010788936167955399,
        2.972380542755127,
        2.080376935005188,
        0.0023462207056581972,
        0.5168785274028778,
        2.7590139865875245,
        0.314130125939846
    ],