{
    "default_1": [
        1.8953283190727235,
        0.755856055021286,
        0.9408856451511383,
        0.30528340190649034,
        1.472312444448471,
        0.24491155445575713,
        0.6664770871400834,
        1.2577958047389983,
        1.0131856441497802,
        0.6029012858867645,
        0.011509066354483366,
        0.012056148517876864,
        3.255530047416687,
        0.16589584797620774,
        0.8334782302379609,
        0.21448599994182588,
        0.014165169652551412,
        0.0694364294409752,
        0.1283645287156105,
        0.3928775697946548,
        0.13450864255428313,
        2.8832812786102293,
        0.9283026337623597,
        1.1348979353904725,
        0.00672191297635436,
        2.3114742636680603,
        0.5551727145910264,
        0.3134843289852142,
        0.297291399538517,
        0.0745621893554926
    ],
    "default_5": [
        0.09922400787472725,
        0.02510413955897093,
        0.032622580975294115,
        0.008673097100108862,
        0.05397400856018066,
        0.008940656669437885,
        0.0178524193353951,
        0.06193174608051777,
        0.028107346408069132,
        0.015773907862603666,
        0.0009786731272470206,
        0.0014784055412746966,
        0.19797818064689637,
        0.0073177083395421505,
        0.018544475082308054,
        0.007461843872442841,
        0.0020301377750001847,
        0.006402218854054809,
        0.006406016787514091,
        0.009617432719096541,
        0.007021553860977292,
        0.2850019484758377,
        0.022297179140150548,
        0.043118948489427565,
        0.00041942622046917675,
        0.16725769266486168,
        0.013385481853038072,
        0.009844816289842129,
        0.01023422097787261,
        0.006465261382982135
    ],
    "rebased_none_1": [
        0.37435984760522845,
        0.13730935305356978,
        0.15305333733558654,
        0.048001683130860326,
        0.2681719109416008,
        0.04055688716471195,
        0.09955040886998176,
        0.2909209981560707,
        0.14131854698061944,
        0.08528660759329795,
        0.04414132460951805,
        0.04265010692179203,
        0.8065258383750915,
        0.02863702718168497,
        0.11537497863173485,
        0.03666227087378502,
        0.042238930612802504,
        0.018941559828817844,
        0.022149149142205716,
        0.05370240472257137,
        0.023642207495868206,
        0.5805607423186302,
        0.10860340222716332,
        0.1646659068763256,
        0.006766410451382399,
        0.3771701857447624,
        0.05924535021185875,
        0.03717774171382189,
        0.0328983623534441,
        0.016726457234472036
    ],
    "rebased_none_5": [
        0.23825678825378419,
        0.07385688908398151,
        0.08390812240540982,
        0.026985783688724042,
        0.1297876812517643,
        0.025328401289880276,
        0.05047609619796276,
        0.14142470210790634,
        0.07930884435772896,
        0.048482438921928404,
        0.0032297619385644794,
        0.0037569303531199694,
        0.9030339896678925,
        0.036638911627233026,
        0.13957414031028748,
        0.03839077204465866,
        0.004352394142188132,
        0.018214046489447355,
        0.025779932178556918,
        0.06321919150650501,
        0.022700727544724943,
        0.39542985111474993,
        0.0629680473357439,
        0.11040295138955117,
        0.0034348844783380628,
        0.3057593673467636,
        0.04022929780185223,
        0.025043447501957417,
        0.02710594832897186,
        0.018576471973210572
    ],
    "rebased_inp_1": [
        0.3748328506946564,
        0.12013598456978798,
        0.1544397659599781,
        0.04778573289513588,
        0.20960201025009156,
        0.04531784225255251,
        0.11448716893792152,
        0.2905540481209755,
        0.15844235122203826,
        0.09925010316073894,
        0.009267546329647302,
        0.009556999057531356,
        0.7184119671583176,
        0.03149798251688481,
        0.1321966379880905,
        0.04024208523333073,
        0.011154859513044357,
        0.019922048971056937,
        0.02353157475590706,
        0.059132397174835205,
        0.026644833385944366,
        0.6133045583963395,
        0.149225202947855,
        0.17639952152967453,
        0.003109890199266374,
        0.5067310780286789,
        0.07477245777845383,
        0.04606189578771591,
        0.044596335664391515,
        0.018074498698115348
    ],
    "rebased_inp_5": [
        0.21587696373462678,
        0.07198545150458813,
        0.08905598670244216,
        0.024176594242453574,
        0.13853439465165138,
        0.02145533412694931,
        0.05453723594546318,
        0.17652204558253287,
        0.08143127039074897,
        0.049641172587871554,
        0.0033023566473275425,
        0.0037829517386853695,
        0.5432742327451706,
        0.02072887187823653,
        0.06922961361706256,
        0.02290323320776224,
        0.004197740834206343,
        0.012961884029209614,
        0.017340309172868728,
        0.032955295965075494,
        0.015211090911179781,
        0.5014909759163857,
        0.0754476960748434,
        0.10655844435095788,
        0.0013789857272058724,
        0.2973441377282143,
        0.04391738399863243,
        0.027940126322209834,
        0.026924604177474977,
        0.013649634551256895
    ],
    "rebased_ker_1": [
        0.3605495497584343,
        0.16299740523099898,
        0.20746178478002547,
        0.06795751228928566,
        0.24840910434722902,
        0.05628583319485188,
        0.1210332989692688,
        0.3088438451290131,
        0.1738814003765583,
        0.11481940671801567,
        0.004948297468945384,
        0.005410755425691605,
        0.6555591851472855,
        0.03726796433329582,
        0.12092879191040992,
        0.04488590694963932,
        0.006874068407341838,
        0.022548188082873823,
        0.030514621175825596,
        0.058713290467858316,
        0.036547586880624296,
        0.6880064159631729,
        0.18703302443027497,
        0.22154463231563568,
        0.0004884864058112726,
        0.5670938223600388,
        0.0956535093486309,
        0.06255398690700531,
        0.06416353769600391,
        0.02223775936290622
    ],
    "rebased_ker_5": [
        0.22235216647386552,
        0.07724385410547256,
        0.0867074966430664,
        0.026176347769796847,
        0.13161421343684196,
        0.023691483214497565,
        0.05239420086145401,
        0.1507694087922573,
        0.08457101583480835,
        0.05230157673358917,
        0.003680696617811918,
        0.004186774417757988,
        0.4594379663467407,
        0.034435557574033736,
        0.08571596890687942,
        0.03551720809191465,
        0.005302110128104687,
        0.023805315606296062,
        0.02988481745123863,
        0.04426239356398583,
        0.018756678327918053,
        0.5005385145545006,
        0.08110030964016915,
        0.11900181621313095,
        0.0010393554111942649,
        0.34376689344644545,
        0.046843640878796576,
        0.026807247102260588,
        0.031952647306025025,
        0.01329045807942748
    ]
}